,vars,n,mean,sd,median,trimmed,mad,min,max,range,skew,kurtosis,se
1,1,487,16.79466119,26.93924983,8,11.01534527,7.413,1,281,280,4.675723759,30.17227518,1.220733934
