"no_of_review_by_the_author_got_merged","AVG_Merge_Time","scmChanges","scrChanges","mslChanges","number_of_domain","country","linesadded","linesremoved","ReviewGotMerged","X","in_degree","out_degree","degree","betweenness","clustcoeff","closeness","eigencentrality","upeople_id"
0,0,0,0,2,5,9,0,0,0,2,0,0,0,0,0,0.142857142857143,0.00611861992661733,335
177,0,1006,204,147,3,9,1031545,181291,187,7,6,6,6,5,0,0.0645161290322581,1,1097
2,0,31,3,21,7,10,2025,138445,2,1,2,2,2,0,0,0.0571428571428571,0.112594500413627,1098
19,0,134,22,22,3,7,18922,1546,19,5,2,2,2,0,0,0.0447761194029851,0.0556026709480969,1102
0,0,3,3,28,2,6,106,41,0,4,2,2,2,0,0,0.0588235294117647,0.0843237557046538,1105
0,0,91,0,61,4,7,1453,942,0,3,0,0,0,0,0,0.142857142857143,0.00611861992661733,1108
11,0,12,11,2,2,10,3648,471,11,6,4,4,4,3,0,0.046875,0.991636032866791,1110
