"upeople_id","no_of_review_by_the_author_got_merged","AVG_Merge_Time","X426scrChanges","X1mslChanges","number_of_domain","country","X426ReviewGotMerged","X","in_degree","out_degree","degree","betweenness","clustcoeff","closeness","eigencentrality"
547,0,0,0,0,5,8,0,4,0,0,0,0,0,0.166666666666667,0.473885223365909
550,94,0,103,1,5,6,94,1,4,4,4,0,0.333333333333333,0.192307692307692,1
552,81,0,91,8,2,6,81,2,4,4,4,0,0.333333333333333,0.2,0.997641668171705
554,9,0,12,22,4,10,9,3,4,4,4,1,0.333333333333333,0.217391304347826,0.190159376021483
378243,0,0,0,0,13,0,0,5,0,0,0,0,0,0.166666666666667,0.473885223365909
382325,0,0,0,46,2,0,0,6,0,0,0,0,0,0.166666666666667,0.473885223365909
