"","labels","in_degree","out_degree","degree","betweenness","clustcoeff","closeness","eigencentrality"
"1",379016,0,0,0,0,0,0.25,0.0971675407097271
"2",501,4,4,4,0,0,0.25,1
"3",378243,0,0,0,0,0,0.25,0.0971675407097271
"4",119,0,0,0,0,0,0.25,0.0971675407097271
