"","in_degree","out_degree","degree","betweenness","clustcoeff","closeness","eigencentrality","pagerank"
"1",6,6,6,0,0.266666666666667,0.000744416873449132,0.396473085782339,0.135300009665088
"2",6,6,6,0,0.266666666666667,0.00294550810014728,0.728315306719901,0.174287116042906
"3",0,0,0,0,0,0.142857142857143,0.0372702662145416,0.0934959349593496
"4",6,6,6,0,0.266666666666667,0.00294550810014728,0.72831528062654,0.174287116042906
"5",0,0,0,0,0,0.142857142857143,0.0372702662145416,0.0934959349593496
"6",8,8,8,3,0.285714285714286,0.0029513034923758,1,0.235608128634543
"7",6,6,6,5,0.266666666666667,0.00295420974889217,0,0.0935257596958583
