"","labels","in_degree","out_degree","degree","betweenness","clustcoeff","closeness","eigencentrality"
"1",797,4,4,4,0,0.333333333333333,0.000662471016893011,0.427541605824292
"2",876,6,6,6,0,0.266666666666667,0.00197628458498024,1
"3",378243,0,0,0,0,0,0.2,0.0558517891888184
"4",918,6,6,6,2,0.266666666666667,0.00198019801980198,0.979006838093303
"5",456055,4,4,4,2,0.333333333333333,0.00198019801980198,0
