"","labels","in_degree","out_degree","degree","betweenness","clustcoeff","closeness","eigencentrality"
"1",392,8,8,8,0,0.428571428571429,0.133333333333333,0.00430020283779303
"2",434309,0,0,0,0,0,0.142857142857143,1.4264674790864e-06
"3",393,8,8,8,8.66666666666667,0.428571428571429,0.162162162162162,0.00233819853816721
"4",387,10,10,10,4,0.266666666666667,0.0983606557377049,1
"5",386,8,8,8,0,0.428571428571429,0.133333333333333,0.998429319497654
"6",388,8,8,8,0,0.428571428571429,0.146341463414634,0.107016265561742
"7",394,2,2,2,0,0,0.0923076923076923,0.000165685313163506
