"","in_degree","out_degree","degree","betweenness","clustcoeff","closeness","eigencentrality","pagerank"
"1",4,4,4,0,0,0.0909090909090909,0.00672399953392804,0.403697007505724
"2",8,8,8,0,0,0.0909090909090909,1,0.596302992494276
