"","labels","in_degree","out_degree","degree","betweenness","clustcoeff","closeness","eigencentrality"
"1",2906,12,12,12,0,0,0.142857142857143,1
"2",384467,0,0,0,0,0,0.142857142857143,0.0132575690319041
"3",378243,0,0,0,0,0,0.142857142857143,0.0132575690319041
"4",382515,0,0,0,0,0,0.142857142857143,0.0132575690319041
"5",382388,0,0,0,0,0,0.142857142857143,0.0132575690319041
"6",388765,0,0,0,0,0,0.142857142857143,0.0132575690319041
"7",407250,0,0,0,0,0,0.142857142857143,0.0132575690319041
