"","in_degree","out_degree","degree","betweenness","clustcoeff","closeness","eigencentrality","pagerank"
"1",4,4,4,0,0.333333333333333,0.036036036036036,1,0.293338837122596
"2",0,0,0,0,0,0.2,0.423918461001727,0.13855421686747
"3",0,0,0,0,0,0.2,0.423918461001727,0.13855421686747
"4",4,4,4,1,0.333333333333333,0.0606060606060606,0.522232068605306,0.193652194402004
"5",4,4,4,0,0.333333333333333,0.051948051948052,0.888675300302963,0.23590053474046
