"","labels","in_degree","out_degree","degree","betweenness","clustcoeff","closeness","eigencentrality"
"1",526,10,10,10,2,0.0444444444444444,0.0151515151515152,1
"2",378243,0,0,0,0,0,0.166666666666667,0.248370994031527
"3",2685,4,4,4,2,0.333333333333333,0.0151515151515152,0.0130440884201509
"4",2687,4,4,4,0,0.333333333333333,0.0149700598802395,0.01675957721555
"5",2690,2,2,2,0,0,0.00582750582750583,0.00825225471713482
"6",447881,0,0,0,0,0,0.166666666666667,0.248370994031527
