"","in_degree","out_degree","degree","betweenness","clustcoeff","closeness","eigencentrality","pagerank"
"1",4,4,4,0,0,0.333333333333333,0.0055021936869452,0.273708060719489
"2",8,8,8,0,0,0.333333333333333,1,0.453351122870509
"3",0,0,0,0,0,0.333333333333333,1.02319868956968e-05,0.272940816410002
