"","labels","in_degree","out_degree","degree","betweenness","clustcoeff","closeness","eigencentrality"
"1",1098,14,14,14,4,0.131868131868132,0.0571428571428571,0.445973009207111
"2",335,0,0,0,0,0,0.142857142857143,0.0973428148642301
"3",1108,20,20,20,8,0.0631578947368421,0.0594059405940594,0.112450046400984
"4",1105,4,4,4,0,0.333333333333333,0.048,0.00372140630181169
"5",1102,8,8,8,0,0.428571428571429,0.0160857908847185,0.879510884315215
"6",1110,10,10,10,4,0.311111111111111,0.0495867768595041,0.0873756321012233
"7",1097,24,24,24,0,0.0507246376811594,0.055045871559633,1
