"","labels","in_degree","out_degree","degree","betweenness","clustcoeff","closeness","eigencentrality"
"1",1098,0,0,0,0,0,0.142857142857143,0.0127111367295017
"2",335,0,0,0,0,0,0.142857142857143,0.0127111367295017
"3",1108,8,8,8,0,0,0.146341463414634,1
"4",1105,0,0,0,0,0,0.142857142857143,0.0127111367295017
"5",1102,0,0,0,0,0,0.142857142857143,0.0127111367295017
"6",1110,0,0,0,0,0,0.142857142857143,0.0127111367295017
"7",1097,4,4,4,0,0,0.146341463414634,0.301083932065666
