"","labels","in_degree","out_degree","degree","betweenness","clustcoeff","closeness","eigencentrality"
"1",1098,2,2,2,0,0,0.1,0.99999193042186
"2",335,0,0,0,0,0,0.142857142857143,0.499997443995067
"3",1108,0,0,0,0,0,0.142857142857143,0.499997443995067
"4",1105,0,0,0,0,0,0.142857142857143,0.499997443995067
"5",1102,0,0,0,0,0,0.142857142857143,0.499997443995067
"6",1110,0,0,0,0,0,0.142857142857143,0.499997443995067
"7",1097,2,2,2,0,0,0.1,1
