"","labels","in_degree","out_degree","degree","betweenness","clustcoeff","closeness","eigencentrality"
"1",1098,2,2,2,0,0,0.101694915254237,0.99998923224433
"2",335,0,0,0,0,0,0.142857142857143,0.499995645126878
"3",1108,0,0,0,0,0,0.142857142857143,0.499995645126878
"4",1105,0,0,0,0,0,0.142857142857143,0.499995645126878
"5",1102,0,0,0,0,0,0.142857142857143,0.499995645126878
"6",1110,0,0,0,0,0,0.142857142857143,0.499995645126878
"7",1097,2,2,2,0,0,0.101694915254237,1
