"","in_degree","out_degree","degree","betweenness","clustcoeff","closeness","eigencentrality","pagerank"
"1",4,4,4,1,0,0.000911933298593017,1,0.220977976857036
"2",0,0,0,0,0,0.125,0.348763656395313,0.0978723404255319
"3",0,0,0,0,0,0.125,0.348763656395313,0.0978723404255319
"4",2,2,2,0,0,0.000609013398294762,0.69752906611139,0.144830160507652
"5",0,0,0,0,0,0.125,0.348763656395313,0.0978723404255319
"6",0,0,0,0,0,0.125,0.348763656395313,0.0978723404255319
"7",2,2,2,0,0,0.000609013398294762,0.697529258692012,0.144830160507652
"8",0,0,0,0,0,0.125,0.348763656395313,0.0978723404255319
