"","in_degree","out_degree","degree","betweenness","clustcoeff","closeness","eigencentrality","pagerank"
"1",0,0,0,0,0,0.111111111111111,0.213223807813625,0.0836363636363636
"2",0,0,0,0,0,0.111111111111111,0.213223807813625,0.0836363636363636
"3",0,0,0,0,0,0.111111111111111,0.213223807813625,0.0836363636363636
"4",0,0,0,0,0,0.111111111111111,0.213223807813625,0.0836363636363636
"5",6,6,6,3,0.266666666666667,0.0234604105571848,0.481055513375876,0.118140362288116
"6",4,4,4,0,0.333333333333333,0.0175824175824176,0.678690532855983,0.128040118844873
"7",0,0,0,0,0,0.111111111111111,0.213223807813625,0.0836363636363636
"8",4,4,4,0,0.333333333333333,0.0175824175824176,0.6786904986862,0.128040118844873
"9",6,6,6,0,0.266666666666667,0.0113475177304965,1,0.207597581840319
