"","in_degree","out_degree","degree","betweenness","clustcoeff","closeness","eigencentrality","pagerank"
"1",0,0,0,0,0,0.111111111111111,0.249999621580412,0.0891472868217054
"2",0,0,0,0,0,0.111111111111111,0.249999621580412,0.0891472868217054
"3",0,0,0,0,0,0.111111111111111,0.249999621580412,0.0891472868217054
"4",0,0,0,0,0,0.111111111111111,0.249999621580412,0.0891472868217054
"5",0,0,0,0,0,0.111111111111111,0.249999621580412,0.0891472868217054
"6",2,2,2,0,0,0.0392156862745098,0.713524522027436,0.131918944648443
"7",0,0,0,0,0,0.111111111111111,0.249999621580412,0.0891472868217054
"8",2,2,2,0,0,0.0392156862745098,0.713524506403323,0.131918944648443
"9",4,4,4,1,0,0.051948051948052,1,0.201278389772882
