"","in_degree","out_degree","degree","betweenness","clustcoeff","closeness","eigencentrality","pagerank"
"1",0,0,0,0,0,0.111111111111111,0.499998926016449,0.0954356846473029
"2",0,0,0,0,0,0.111111111111111,0.499998926016449,0.0954356846473029
"3",0,0,0,0,0,0.111111111111111,0.499998926016449,0.0954356846473029
"4",0,0,0,0,0,0.111111111111111,0.499998926016449,0.0954356846473029
"5",2,2,2,0,0,0.123076923076923,1,0.16597510373444
"6",0,0,0,0,0,0.111111111111111,0.499998926016449,0.0954356846473029
"7",0,0,0,0,0,0.111111111111111,0.499998926016449,0.0954356846473029
"8",0,0,0,0,0,0.111111111111111,0.499998926016449,0.0954356846473029
"9",2,2,2,0,0,0.123076923076923,0.999991256902278,0.16597510373444
