"","in_degree","out_degree","degree","betweenness","clustcoeff","closeness","eigencentrality","pagerank"
"1",0,0,0,0,0,0.111111111111111,0.240803506966528,0.0836363636363636
"2",0,0,0,0,0,0.111111111111111,0.240803506966528,0.0836363636363636
"3",0,0,0,0,0,0.111111111111111,0.240803506966528,0.0836363636363636
"4",0,0,0,0,0,0.111111111111111,0.240803506966528,0.0836363636363636
"5",6,6,6,3,0.266666666666667,0.0522875816993464,0.218887889010928,0.100357700784283
"6",4,4,4,0,0.333333333333333,0.0390243902439024,0.704037029635767,0.135019510480583
"7",0,0,0,0,0,0.111111111111111,0.240803506966528,0.0836363636363636
"8",4,4,4,0,0.333333333333333,0.0390243902439024,0.704037297729767,0.135019510480583
"9",6,6,6,0,0.266666666666667,0.030188679245283,1,0.211421460072732
