"","in_degree","out_degree","degree","betweenness","clustcoeff","closeness","eigencentrality","pagerank"
"1",0,0,0,0,0,0.111111111111111,0.22343446719674,0.0836363636363636
"2",0,0,0,0,0,0.111111111111111,0.22343446719674,0.0836363636363636
"3",0,0,0,0,0,0.111111111111111,0.22343446719674,0.0836363636363636
"4",0,0,0,0,0,0.111111111111111,0.22343446719674,0.0836363636363636
"5",6,6,6,3,0.266666666666667,0.0784313725490196,0.410117752607536,0.112410960244009
"6",4,4,4,0,0.333333333333333,0.0655737704918033,0.685533191937324,0.128694800225776
"7",0,0,0,0,0,0.111111111111111,0.22343446719674,0.0836363636363636
"8",4,4,4,0,0.333333333333333,0.0655737704918033,0.68553320286292,0.128694800225776
"9",6,6,6,0,0.266666666666667,0.0454545454545455,1,0.212017621122621
