"","in_degree","out_degree","degree","betweenness","clustcoeff","closeness","eigencentrality","pagerank"
"1",0,0,0,0,0,0.111111111111111,0.245608853238712,0.0836363636363636
"2",0,0,0,0,0,0.111111111111111,0.245608853238712,0.0836363636363636
"3",0,0,0,0,0,0.111111111111111,0.245608853238712,0.0836363636363636
"4",0,0,0,0,0,0.111111111111111,0.245608853238712,0.0836363636363636
"5",6,6,6,3,0.266666666666667,0.140350877192982,0.112253470193419,0.0909961815949968
"6",4,4,4,0,0.333333333333333,0.131147540983607,0.705426319189783,0.134818565114237
"7",0,0,0,0,0,0.111111111111111,0.245608853238712,0.0836363636363636
"8",4,4,4,0,0.333333333333333,0.131147540983607,0.705426796420871,0.134818565114237
"9",6,6,6,0,0.266666666666667,0.10958904109589,1,0.221184869994711
