"","labels","in_degree","out_degree","degree","betweenness","clustcoeff","closeness","eigencentrality"
"1",527,0,0,0,0,0,0.142857142857143,0.363717311109136
"2",1533,0,0,0,0,0,0.142857142857143,0.363717311109136
"3",1401,0,0,0,0,0,0.142857142857143,0.363717311109136
"4",378243,0,0,0,0,0,0.142857142857143,0.363717311109136
"5",979,4,4,4,1,0.333333333333333,0.0224719101123595,0.604396770965045
"6",119,4,4,4,0,0.333333333333333,0.0185185185185185,0.915208348638451
"7",116,4,4,4,0,0.333333333333333,0.0133630289532294,1
