"","labels","in_degree","out_degree","degree","betweenness","clustcoeff","closeness","eigencentrality"
"1",527,0,0,0,0,0,0.142857142857143,0.49999851145131
"2",1533,0,0,0,0,0,0.142857142857143,0.49999851145131
"3",1401,0,0,0,0,0,0.142857142857143,0.49999851145131
"4",378243,0,0,0,0,0,0.142857142857143,0.49999851145131
"5",979,0,0,0,0,0,0.142857142857143,0.49999851145131
"6",119,2,2,2,0,0,0.0257510729613734,1
"7",116,2,2,2,0,0,0.0257510729613734,0.99999351992142
