"","in_degree","out_degree","degree","betweenness","clustcoeff","closeness","eigencentrality","pagerank"
"1",0,0,0,0,0,0.111111111111111,0.259945308803705,0.0836363636363636
"2",0,0,0,0,0,0.111111111111111,0.259945308803705,0.0836363636363636
"3",0,0,0,0,0,0.111111111111111,0.259945308803705,0.0836363636363636
"4",0,0,0,0,0,0.111111111111111,0.259945308803705,0.0836363636363636
"5",2,2,2,0,0,0.00639488409272582,0,0.0853291969984215
"6",2,2,2,0,0,0.00339414509970301,0.748960882773847,0.132136039459322
"7",0,0,0,0,0,0.111111111111111,0.259945308803705,0.0836363636363636
"8",2,2,2,0,0,0.00339414509970301,0.748964007911118,0.132136039459322
"9",6,6,6,3,0,0.00660611065235343,1,0.232216905901116
