"","labels","in_degree","out_degree","degree","betweenness","clustcoeff","closeness","eigencentrality"
"1",527,0,0,0,0,0,0.142857142857143,0.500003547792469
"2",1533,0,0,0,0,0,0.142857142857143,0.500003547792469
"3",1401,0,0,0,0,0,0.142857142857143,0.500003547792469
"4",378243,0,0,0,0,0,0.142857142857143,0.500003547792469
"5",979,0,0,0,0,0,0.142857142857143,0.500003547792469
"6",119,2,2,2,0,0,0.0379746835443038,1
"7",116,2,2,2,0,0,0.0379746835443038,0.999994889326707
