"","labels","in_degree","out_degree","degree","betweenness","clustcoeff","closeness","eigencentrality"
"1",527,0,0,0,0,0,0.142857142857143,0.4999998964377
"2",1533,0,0,0,0,0,0.142857142857143,0.4999998964377
"3",1401,0,0,0,0,0,0.142857142857143,0.4999998964377
"4",378243,0,0,0,0,0,0.142857142857143,0.4999998964377
"5",979,0,0,0,0,0,0.142857142857143,0.4999998964377
"6",119,2,2,2,0,0,0.0705882352941176,0.999999081955768
"7",116,2,2,2,0,0,0.0705882352941176,1
