"","in_degree","out_degree","degree","betweenness","clustcoeff","closeness","eigencentrality","pagerank"
"1",0,0,0,0,0,0.111111111111111,0.2499980234211,0.0891472868217054
"2",0,0,0,0,0,0.111111111111111,0.2499980234211,0.0891472868217054
"3",0,0,0,0,0,0.111111111111111,0.2499980234211,0.0891472868217054
"4",0,0,0,0,0,0.111111111111111,0.2499980234211,0.0891472868217054
"5",0,0,0,0,0,0.111111111111111,0.2499980234211,0.0891472868217054
"6",2,2,2,0,0,0.140350877192982,0.713517653498182,0.131918944648443
"7",0,0,0,0,0,0.111111111111111,0.2499980234211,0.0891472868217054
"8",2,2,2,0,0,0.140350877192982,0.713522152572827,0.131918944648443
"9",4,4,4,1,0,0.142857142857143,1,0.201278389772882
