"","labels","in_degree","out_degree","degree","betweenness","clustcoeff","closeness","eigencentrality"
"1",527,0,0,0,0,0,0.142857142857143,0.479895340936208
"2",1533,0,0,0,0,0,0.142857142857143,0.479895340936208
"3",1401,0,0,0,0,0,0.142857142857143,0.479895340936208
"4",378243,0,0,0,0,0,0.142857142857143,0.479895340936208
"5",979,2,2,2,0,0,0.0212765957446809,0.0229099048065635
"6",119,2,2,2,0,0,0.0136363636363636,1
"7",116,4,4,4,1,0,0.024,0.823130535398533
