"","in_degree","out_degree","degree","betweenness","clustcoeff","closeness","eigencentrality","pagerank"
"1",0,0,0,0,0,0.111111111111111,0.257958195610686,0.0836363636363636
"2",0,0,0,0,0,0.111111111111111,0.257958195610686,0.0836363636363636
"3",0,0,0,0,0,0.111111111111111,0.257958195610686,0.0836363636363636
"4",0,0,0,0,0,0.111111111111111,0.257958195610686,0.0836363636363636
"5",2,2,2,0,0,0.0372093023255814,0.0702415063546034,0.0902158426368953
"6",2,2,2,0,0,0.0238805970149254,0.747702268323632,0.129692716640085
"7",0,0,0,0,0,0.111111111111111,0.257958195610686,0.0836363636363636
"8",2,2,2,0,0,0.0238805970149254,0.74770181083389,0.129692716640085
"9",6,6,6,3,0,0.041025641025641,1,0.232216905901116
