"","in_degree","out_degree","degree","betweenness","clustcoeff","closeness","eigencentrality","pagerank"
"1",0,0,0,0,0,0.111111111111111,0.249998769963525,0.0891472868217054
"2",0,0,0,0,0,0.111111111111111,0.249998769963525,0.0891472868217054
"3",0,0,0,0,0,0.111111111111111,0.249998769963525,0.0891472868217054
"4",0,0,0,0,0,0.111111111111111,0.249998769963525,0.0891472868217054
"5",0,0,0,0,0,0.111111111111111,0.249998769963525,0.0891472868217054
"6",2,2,2,0,0,0.121212121212121,0.713519642112921,0.131918944648443
"7",0,0,0,0,0,0.111111111111111,0.249998769963525,0.0891472868217054
"8",2,2,2,0,0,0.121212121212121,0.713522757950392,0.131918944648443
"9",4,4,4,1,0,0.129032258064516,1,0.201278389772882
