"","in_degree","out_degree","degree","betweenness","clustcoeff","closeness","eigencentrality","pagerank"
"1",0,0,0,0,0,0.111111111111111,0.256991118168731,0.0836363636363636
"2",0,0,0,0,0,0.111111111111111,0.256991118168731,0.0836363636363636
"3",0,0,0,0,0,0.111111111111111,0.256991118168731,0.0836363636363636
"4",0,0,0,0,0,0.111111111111111,0.256991118168731,0.0836363636363636
"5",2,2,2,0,0,0.0153550863723608,0.0898916396030207,0.0913017760641675
"6",2,2,2,0,0,0.00955794504181601,0.74646523284397,0.129149749926449
"7",0,0,0,0,0,0.111111111111111,0.256991118168731,0.0836363636363636
"8",2,2,2,0,0,0.00955794504181601,0.746462221110181,0.129149749926449
"9",6,6,6,3,0,0.0175054704595186,1,0.232216905901116
