"","labels","in_degree","out_degree","degree","betweenness","clustcoeff","closeness","eigencentrality"
"1",527,0,0,0,0,0,0.142857142857143,0.499998266018044
"2",1533,0,0,0,0,0,0.142857142857143,0.499998266018044
"3",1401,0,0,0,0,0,0.142857142857143,0.499998266018044
"4",378243,0,0,0,0,0,0.142857142857143,0.499998266018044
"5",979,0,0,0,0,0,0.142857142857143,0.499998266018044
"6",119,2,2,2,0,0,0.166666666666667,1
"7",116,2,2,2,0,0,0.166666666666667,0.999998388150144
