"","in_degree","out_degree","degree","betweenness","clustcoeff","closeness","eigencentrality","pagerank"
"1",0,0,0,0,0,0.111111111111111,0.499995614219183,0.0954356846473029
"2",0,0,0,0,0,0.111111111111111,0.499995614219183,0.0954356846473029
"3",0,0,0,0,0,0.111111111111111,0.499995614219183,0.0954356846473029
"4",0,0,0,0,0,0.111111111111111,0.499995614219183,0.0954356846473029
"5",2,2,2,0,0,0.115942028985507,0.99999738666156,0.16597510373444
"6",0,0,0,0,0,0.111111111111111,0.499995614219183,0.0954356846473029
"7",0,0,0,0,0,0.111111111111111,0.499995614219183,0.0954356846473029
"8",0,0,0,0,0,0.111111111111111,0.499995614219183,0.0954356846473029
"9",2,2,2,0,0,0.115942028985507,1,0.16597510373444
