"","labels","in_degree","out_degree","degree","betweenness","clustcoeff","closeness","eigencentrality"
"1",598,16,16,16,0,0.0166666666666667,0.208333333333333,0.0302861310571545
"2",378243,0,0,0,0,0,0.166666666666667,0.000506297120850889
"3",593,30,30,30,0,0.0137931034482759,0.2,0.607430410872302
"4",600,18,18,18,4,0.0522875816993464,0.277777777777778,0.022931891489452
"5",602,12,12,12,0,0.0909090909090909,0.2,0.273398081097384
"6",597,32,32,32,0,0.0161290322580645,0.208333333333333,1
