"","in_degree","out_degree","degree","betweenness","clustcoeff","closeness","eigencentrality","pagerank"
"1",18,18,18,1,0,0.122448979591837,1,0.213537318318305
"2",2,2,2,0,0,0.0967741935483871,0,0.13108910266861
"3",4,4,4,0,0,0.105263157894737,0,0.131082792639666
"4",0,0,0,0,0,0.142857142857143,0.119946634406887,0.131072696593355
"5",0,0,0,0,0,0.142857142857143,0.119946634406887,0.131072696593355
"6",0,0,0,0,0,0.142857142857143,0.119946634406887,0.131072696593355
"7",0,0,0,0,0,0.142857142857143,0.119946634406887,0.131072696593355
