"","labels","in_degree","out_degree","degree","betweenness","clustcoeff","closeness","eigencentrality"
"1",262,18,18,18,1,0,0.129032258064516,1
"2",3167,2,2,2,0,0,0.0909090909090909,0
"3",3153,4,4,4,0,0,0.102564102564103,0
"4",390256,0,0,0,0,0,0.2,0.120255864698668
"5",378243,0,0,0,0,0,0.2,0.120255864698668
