"","in_degree","out_degree","degree","betweenness","clustcoeff","closeness","eigencentrality","pagerank"
"1",0,0,0,0,0,0.0344827586206897,0.00946872774134664,0.0330615373890439
"2",0,0,0,0,0,0.0344827586206897,0.00946872774134664,0.0330615373890439
"3",10,10,10,0.5,0.133333333333333,0.0384087791495199,0.0358287978533627,0.036760710054508
"4",16,16,16,0.5,0.05,0.0384087791495199,0.999999984165358,0.049468810963382
"5",0,0,0,0,0,0.0344827586206897,0.00946872774134664,0.0330615373890439
"6",0,0,0,0,0,0.0344827586206897,0.00946872774134664,0.0330615373890439
"7",0,0,0,0,0,0.0344827586206897,0.00946872774134664,0.0330615373890439
"8",0,0,0,0,0,0.0344827586206897,0.00946872774134664,0.0330615373890439
"9",0,0,0,0,0,0.0344827586206897,0.00946872774134664,0.0330615373890439
"10",0,0,0,0,0,0.0344827586206897,0.00946872774134664,0.0330615373890439
"11",0,0,0,0,0,0.0344827586206897,0.00946872774134664,0.0330615373890439
"12",0,0,0,0,0,0.0344827586206897,0.00946872774134664,0.0330615373890439
"13",0,0,0,0,0,0.0344827586206897,0.00946872774134664,0.0330615373890439
"14",0,0,0,0,0,0.0344827586206897,0.00946872774134664,0.0330615373890439
"15",0,0,0,0,0,0.0344827586206897,0.00946872774134664,0.0330615373890439
"16",0,0,0,0,0,0.0344827586206897,0.00946872774134664,0.0330615373890439
"17",0,0,0,0,0,0.0344827586206897,0.00946872774134664,0.0330615373890439
"18",0,0,0,0,0,0.0344827586206897,0.00946872774134664,0.0330615373890439
"19",0,0,0,0,0,0.0344827586206897,0.00946872774134664,0.0330615373890439
"20",0,0,0,0,0,0.0344827586206897,0.00946872774134664,0.0330615373890439
"21",0,0,0,0,0,0.0344827586206897,0.00946872774134664,0.0330615373890439
"22",0,0,0,0,0,0.0344827586206897,0.00946872774134664,0.0330615373890439
"23",0,0,0,0,0,0.0344827586206897,0.00946872774134664,0.0330615373890439
"24",0,0,0,0,0,0.0344827586206897,0.00946872774134664,0.0330615373890439
"25",0,0,0,0,0,0.0344827586206897,0.00946872774134664,0.0330615373890439
"26",0,0,0,0,0,0.0344827586206897,0.00946872774134664,0.0330615373890439
"27",16,16,16,0.5,0.05,0.0384087791495199,1,0.049468810963382
"28",0,0,0,0,0,0.0344827586206897,0.00946872774134664,0.0330615373890439
"29",10,10,10,0.5,0.133333333333333,0.0384087791495199,0.0423448689226788,0.0377632332926296
