"","in_degree","out_degree","degree","betweenness","clustcoeff","closeness","eigencentrality","pagerank"
"1",2,2,2,0,0,0.00257731958762887,1,0.18348623853211
"2",0,0,0,0,0,0.125,0.499999007998034,0.105504587155963
"3",2,2,2,0,0,0.00257731958762887,0.999987070366014,0.18348623853211
"4",0,0,0,0,0,0.125,0.499999007998034,0.105504587155963
"5",0,0,0,0,0,0.125,0.499999007998034,0.105504587155963
"6",0,0,0,0,0,0.125,0.499999007998034,0.105504587155963
"7",0,0,0,0,0,0.125,0.499999007998034,0.105504587155963
"8",0,0,0,0,0,0.125,0.499999007998034,0.105504587155963
