"","labels","in_degree","out_degree","degree","betweenness","clustcoeff","closeness","eigencentrality"
"1",546,2,2,2,0,0,0.0338983050847458,0.999998349663213
"2",378243,0,0,0,0,0,0.333333333333333,0.499999287224359
"3",545,2,2,2,0,0,0.0338983050847458,1
