"","in_degree","out_degree","degree","betweenness","clustcoeff","closeness","eigencentrality","pagerank"
"1",2,2,2,0,0,0.0146627565982405,1,0.232558139534884
"2",0,0,0,0,0,0.166666666666667,0.49999810571489,0.133720930232558
"3",0,0,0,0,0,0.166666666666667,0.49999810571489,0.133720930232558
"4",0,0,0,0,0,0.166666666666667,0.49999810571489,0.133720930232558
"5",2,2,2,0,0,0.0146627565982405,0.999998906440734,0.232558139534884
"6",0,0,0,0,0,0.166666666666667,0.49999810571489,0.133720930232558
