"","in_degree","out_degree","degree","betweenness","clustcoeff","closeness","eigencentrality","pagerank"
"1",2,2,2,0,0,0.00702106318956871,0.712588289058174,0.144830160507652
"2",2,2,2,0,0,0.00702106318956871,0.712597369720611,0.144830160507652
"3",4,4,4,1,0,0.0103244837758112,1,0.220977976857036
"4",0,0,0,0,0,0.125,0.249999212615172,0.0978723404255319
"5",0,0,0,0,0,0.125,0.249999212615172,0.0978723404255319
"6",0,0,0,0,0,0.125,0.249999212615172,0.0978723404255319
"7",0,0,0,0,0,0.125,0.249999212615172,0.0978723404255319
"8",0,0,0,0,0,0.125,0.249999212615172,0.0978723404255319
