"","labels","in_degree","out_degree","degree","betweenness","clustcoeff","closeness","eigencentrality"
"1",4,2,2,2,0,0,0.0145772594752187,0.999998898689606
"2",7,2,2,2,0,0,0.0145772594752187,1
"3",378243,0,0,0,0,0,0.166666666666667,0.499997903603377
"4",2139,0,0,0,0,0,0.166666666666667,0.499997903603377
"5",8,0,0,0,0,0,0.166666666666667,0.499997903603377
"6",259,0,0,0,0,0,0.166666666666667,0.499997903603377
