"","labels","in_degree","out_degree","degree","betweenness","clustcoeff","closeness","eigencentrality"
"1",15,12,12,12,4,0.454545454545455,0.0432432432432432,0.0555997937184531
"2",10,14,14,14,0,0.417582417582418,0.0457142857142857,0.74794274950756
"3",14,14,14,14,0,0.417582417582418,0.0427807486631016,0.391667090705316
"4",17,14,14,14,0,0.417582417582418,0.0284697508896797,0.258394244796634
"5",13,14,14,14,0,0.417582417582418,0.00979192166462668,1
"6",378243,0,0,0,0,0,0.111111111111111,6.40099722492979e-05
"7",16,14,14,14,12,0.417582417582418,0.0473372781065089,0.534564877941009
"8",11,12,12,12,10,0.454545454545455,0.0451977401129944,0.0411288534855196
"9",18,10,10,10,15,0.444444444444444,0.0473372781065089,0.0206579064729815
