"","labels","in_degree","out_degree","degree","betweenness","clustcoeff","closeness","eigencentrality"
"1",392,6,6,6,2,0.4,0.000925925925925926,0.439853417833075
"2",387,6,6,6,2,0.4,0.000925925925925926,0.333090530009373
"3",386,6,6,6,0,0.4,0.000401123144805455,1
"4",388,6,6,6,0,0.4,0.000910332271279017,0.942020546381256
"5",378243,0,0,0,0,0,0.2,0.0489228459981625
