"","in_degree","out_degree","degree","betweenness","clustcoeff","closeness","eigencentrality","pagerank"
"1",8,8,8,5,0.357142857142857,0.000976971388695045,0.409883132929332,0.120488081113369
"2",8,8,8,3,0.357142857142857,0.00088708655430237,0.353375976998882,0.119907045439265
"3",6,6,6,0,0.4,0.000447484497858467,0.764877968267376,0.1594710863071
"4",8,8,8,0,0.357142857142857,0.000874781304673832,1,0.184157124624988
"5",0,0,0,0,0,0.125,0.234191067249051,0.0855018587360595
"6",0,0,0,0,0,0.125,0.234191067249051,0.0855018587360595
"7",6,6,6,0,0.4,0.000447484497858467,0.764877829714922,0.1594710863071
"8",0,0,0,0,0,0.125,0.234191067249051,0.0855018587360595
