"","labels","in_degree","out_degree","degree","betweenness","clustcoeff","closeness","eigencentrality"
"1",825,0,0,0,0,0,0.166666666666667,0.223882557563779
"2",434121,0,0,0,0,0,0.166666666666667,0.223882557563779
"3",64450,2,2,2,0,0,0.178571428571429,0
"4",448166,0,0,0,0,0,0.166666666666667,0.223882557563779
"5",448175,0,0,0,0,0,0.166666666666667,0.223882557563779
"6",3092,6,6,6,0,0,0.178571428571429,1
