"","in_degree","out_degree","degree","betweenness","clustcoeff","closeness","eigencentrality","pagerank"
"1",0,0,0,0,0,0.111111111111111,0.242890510324909,0.090525026787081
"2",0,0,0,0,0,0.111111111111111,0.242890510324909,0.090525026787081
"3",2,2,2,0,0,0.123076923076923,0.0692699500151302,0.0957872000272123
"4",0,0,0,0,0,0.111111111111111,0.242890510324909,0.090525026787081
"5",0,0,0,0,0,0.111111111111111,0.242890510324909,0.090525026787081
"6",2,2,2,0,0,0.123076923076923,0.0692699531083352,0.0957872000272123
"7",10,10,10,3,0,0.140350877192982,1,0.260013265982958
"8",2,2,2,0,0,0.123076923076923,0.0692689186234897,0.0957872000272123
"9",0,0,0,0,0,0.111111111111111,0.242890510324909,0.090525026787081
