"","in_degree","out_degree","degree","betweenness","clustcoeff","closeness","eigencentrality","pagerank"
"1",2,2,2,0,0,0.00917431192660551,1,0.317460317460317
"2",2,2,2,0,0,0.00917431192660551,0.999999152571309,0.317460317460317
"3",0,0,0,0,0,0.25,0.499999744778871,0.182539682539683
"4",0,0,0,0,0,0.25,0.499999744778871,0.182539682539683
