"","labels","in_degree","out_degree","degree","betweenness","clustcoeff","closeness","eigencentrality"
"1",1033,0,0,0,0,0,0.111111111111111,0.049038105676658
"2",380013,0,0,0,0,0,0.111111111111111,0.049038105676658
"3",380014,0,0,0,0,0,0.111111111111111,0.049038105676658
"4",380016,0,0,0,0,0,0.111111111111111,0.049038105676658
"5",501,0,0,0,0,0,0.111111111111111,0.049038105676658
"6",380771,0,0,0,0,0,0.111111111111111,0.049038105676658
"7",17,0,0,0,0,0,0.111111111111111,0.049038105676658
"8",664,0,0,0,0,0,0.111111111111111,0.049038105676658
"9",1312,4,4,4,0,0,0.111111111111111,1
