"","labels","in_degree","out_degree","degree","betweenness","clustcoeff","closeness","eigencentrality"
"1",2887,0,0,0,0,0,0.2,0.0811388300841897
"2",378243,0,0,0,0,0,0.2,0.0811388300841897
"3",2881,0,0,0,0,0,0.2,0.0811388300841897
"4",2879,4,4,4,0,0,0.2,1
"5",398693,0,0,0,0,0,0.2,0.0811388300841897
