"","in_degree","out_degree","degree","betweenness","clustcoeff","closeness","eigencentrality","pagerank"
"1",4,4,4,1,0,0.00408719346049046,1,0.24495200264813
"2",2,2,2,0,0,0.00274223034734918,0.699057315007123,0.160542866600463
"3",0,0,0,0,0,0.142857142857143,0.349528439563705,0.108490566037736
"4",0,0,0,0,0,0.142857142857143,0.349528439563705,0.108490566037736
"5",0,0,0,0,0,0.142857142857143,0.349528439563705,0.108490566037736
"6",0,0,0,0,0,0.142857142857143,0.349528439563705,0.108490566037736
"7",2,2,2,0,0,0.00274223034734918,0.699055141699248,0.160542866600463
