"","labels","in_degree","out_degree","degree","betweenness","clustcoeff","closeness","eigencentrality"
"1",2906,2,2,2,0,0,0.00672043010752688,0.999990282594508
"2",2699,2,2,2,0,0,0.00672043010752688,1
"3",434309,0,0,0,0,0,0.166666666666667,0.499994206109689
"4",445339,0,0,0,0,0,0.166666666666667,0.499994206109689
"5",382303,0,0,0,0,0,0.166666666666667,0.499994206109689
"6",378243,0,0,0,0,0,0.166666666666667,0.499994206109689
