"","in_degree","out_degree","degree","betweenness","clustcoeff","closeness","eigencentrality","pagerank"
"1",0,0,0,0,0,0.032258064516129,0.400003613149054,0.0301047120418848
"2",0,0,0,0,0,0.032258064516129,0.400003613149054,0.0301047120418848
"3",0,0,0,0,0,0.032258064516129,0.400003613149054,0.0301047120418848
"4",0,0,0,0,0,0.032258064516129,0.400003613149054,0.0301047120418848
"5",0,0,0,0,0,0.032258064516129,0.400003613149054,0.0301047120418848
"6",0,0,0,0,0,0.032258064516129,0.400003613149054,0.0301047120418848
"7",0,0,0,0,0,0.032258064516129,0.400003613149054,0.0301047120418848
"8",0,0,0,0,0,0.032258064516129,0.400003613149054,0.0301047120418848
"9",0,0,0,0,0,0.032258064516129,0.400003613149054,0.0301047120418848
"10",0,0,0,0,0,0.032258064516129,0.400003613149054,0.0301047120418848
"11",0,0,0,0,0,0.032258064516129,0.400003613149054,0.0301047120418848
"12",0,0,0,0,0,0.032258064516129,0.400003613149054,0.0301047120418848
"13",0,0,0,0,0,0.032258064516129,0.400003613149054,0.0301047120418848
"14",0,0,0,0,0,0.032258064516129,0.400003613149054,0.0301047120418848
"15",0,0,0,0,0,0.032258064516129,0.400003613149054,0.0301047120418848
"16",0,0,0,0,0,0.032258064516129,0.400003613149054,0.0301047120418848
"17",0,0,0,0,0,0.032258064516129,0.400003613149054,0.0301047120418848
"18",0,0,0,0,0,0.032258064516129,0.400003613149054,0.0301047120418848
"19",4,4,4,0,0.333333333333333,0.0332594235033259,1,0.0609306515342726
"20",0,0,0,0,0,0.032258064516129,0.400003613149054,0.0301047120418848
"21",0,0,0,0,0,0.032258064516129,0.400003613149054,0.0301047120418848
"22",0,0,0,0,0,0.032258064516129,0.400003613149054,0.0301047120418848
"23",0,0,0,0,0,0.032258064516129,0.400003613149054,0.0301047120418848
"24",0,0,0,0,0,0.032258064516129,0.400003613149054,0.0301047120418848
"25",4,4,4,1,0.333333333333333,0.0337457817772778,0.522335072013175,0.0395396797380923
"26",4,4,4,0,0.333333333333333,0.0334448160535117,0.971463633346404,0.0565977315548602
"27",0,0,0,0,0,0.032258064516129,0.400003613149054,0.0301047120418848
"28",0,0,0,0,0,0.032258064516129,0.400003613149054,0.0301047120418848
"29",0,0,0,0,0,0.032258064516129,0.400003613149054,0.0301047120418848
"30",0,0,0,0,0,0.032258064516129,0.400003613149054,0.0301047120418848
"31",0,0,0,0,0,0.032258064516129,0.400003613149054,0.0301047120418848
