"","in_degree","out_degree","degree","betweenness","clustcoeff","closeness","eigencentrality","pagerank"
"1",0,0,0,0,0,0.142857142857143,0.469333300463566,0.108490566037736
"2",4,4,4,0,0.333333333333333,0.0236220472440945,0.999960647559012,0.222746000668753
"3",0,0,0,0,0,0.142857142857143,0.469333300463566,0.108490566037736
"4",0,0,0,0,0,0.142857142857143,0.469333300463566,0.108490566037736
"5",4,4,4,0,0.333333333333333,0.0222222222222222,1,0.226902240968024
"6",0,0,0,0,0,0.142857142857143,0.469333300463566,0.108490566037736
"7",4,4,4,1,0.333333333333333,0.0326086956521739,0.190080376141503,0.11638949421228
