"","labels","in_degree","out_degree","degree","betweenness","clustcoeff","closeness","eigencentrality"
"1",527,2,2,2,0,0,0.00919540229885057,1
"2",1549,0,0,0,0,0,0.111111111111111,0.500000467638088
"3",2340,2,2,2,0,0,0.00919540229885057,0.999987062917354
"4",379007,0,0,0,0,0,0.111111111111111,0.500000467638088
"5",379016,0,0,0,0,0,0.111111111111111,0.500000467638088
"6",385179,0,0,0,0,0,0.111111111111111,0.500000467638088
"7",378243,0,0,0,0,0,0.111111111111111,0.500000467638088
"8",385203,0,0,0,0,0,0.111111111111111,0.500000467638088
"9",388687,0,0,0,0,0,0.111111111111111,0.500000467638088
