"","labels","in_degree","out_degree","degree","betweenness","clustcoeff","closeness","eigencentrality"
"1",527,6,6,6,1,0.133333333333333,0.020979020979021,0.276217906205813
"2",378243,0,0,0,0,0,0.25,0.0049094286143515
"3",683,10,10,10,0,0.0444444444444444,0.0108303249097473,0.61980417147556
"4",679,12,12,12,0,0.0303030303030303,0.0202702702702703,1
