"","labels","in_degree","out_degree","degree","betweenness","clustcoeff","closeness","eigencentrality"
"1",1307,2,2,2,0,0,0.0344827586206897,0.999999162810044
"2",198,0,0,0,0,0,0.142857142857143,0.4999998381333
"3",438,2,2,2,0,0,0.0344827586206897,1
"4",2245,0,0,0,0,0,0.142857142857143,0.4999998381333
"5",378243,0,0,0,0,0,0.142857142857143,0.4999998381333
"6",2042,0,0,0,0,0,0.142857142857143,0.4999998381333
"7",670,0,0,0,0,0,0.142857142857143,0.4999998381333
