"","labels","in_degree","out_degree","degree","betweenness","clustcoeff","closeness","eigencentrality"
"1",1307,8,8,8,0,0.357142857142857,0.0659340659340659,1
"2",198,6,6,6,0,0.4,0.0491803278688525,0.71782211345619
"3",438,8,8,8,0,0.357142857142857,0.0681818181818182,0.944801076425582
"4",2245,8,8,8,3,0.357142857142857,0.101694915254237,0.0149063372576953
"5",378243,0,0,0,0,0,0.142857142857143,0.216172908737277
"6",2042,0,0,0,0,0,0.142857142857143,0.216172908737277
"7",670,6,6,6,5,0.4,0.103448275862069,0.00724692090767808
