"","in_degree","out_degree","degree","betweenness","clustcoeff","closeness","eigencentrality","pagerank"
"1",0,0,0,0,0,0.111111111111111,0.499996202670367,0.0954356846473029
"2",2,2,2,0,0,0.0634920634920635,0.999990651284931,0.16597510373444
"3",2,2,2,0,0,0.0634920634920635,1,0.16597510373444
"4",0,0,0,0,0,0.111111111111111,0.499996202670367,0.0954356846473029
"5",0,0,0,0,0,0.111111111111111,0.499996202670367,0.0954356846473029
"6",0,0,0,0,0,0.111111111111111,0.499996202670367,0.0954356846473029
"7",0,0,0,0,0,0.111111111111111,0.499996202670367,0.0954356846473029
"8",0,0,0,0,0,0.111111111111111,0.499996202670367,0.0954356846473029
"9",0,0,0,0,0,0.111111111111111,0.499996202670367,0.0954356846473029
