"","labels","in_degree","out_degree","degree","betweenness","clustcoeff","closeness","eigencentrality"
"1",1307,4,4,4,0,0.333333333333333,0.00733496332518337,0.796096309464824
"2",198,6,6,6,2,0.266666666666667,0.0205479452054795,0.763761609192021
"3",438,6,6,6,0,0.266666666666667,0.02,1
"4",2245,0,0,0,0,0,0.142857142857143,0.0704299483939217
"5",378243,0,0,0,0,0,0.142857142857143,0.0704299483939217
"6",2042,4,4,4,2,0.333333333333333,0.0205479452054795,0
"7",670,0,0,0,0,0,0.142857142857143,0.0704299483939217
