"","in_degree","out_degree","degree","betweenness","clustcoeff","closeness","eigencentrality","pagerank"
"1",4,4,4,0,0.333333333333333,0.00588668138337013,0.626324671096904,0.121556315747272
"2",8,8,8,5,0.214285714285714,0.0140350877192982,0.677399959208699,0.142166203063575
"3",8,8,8,0,0.214285714285714,0.0136986301369863,1,0.220670224233828
"4",0,0,0,0,0,0.111111111111111,0.0481598240619468,0.0787671232876712
"5",0,0,0,0,0,0.111111111111111,0.0481598240619468,0.0787671232876712
"6",4,4,4,3,0.333333333333333,0.013986013986014,0,0.0789824480573687
"7",4,4,4,0,0.333333333333333,0.00588668138337013,0.62632472625357,0.121556315747272
"8",0,0,0,0,0,0.111111111111111,0.0481598240619468,0.0787671232876712
"9",0,0,0,0,0,0.111111111111111,0.0481598240619468,0.0787671232876712
