"","labels","in_degree","out_degree","degree","betweenness","clustcoeff","closeness","eigencentrality"
"1",411,0,0,0,0,0,0.2,0.00113953653791055
"2",1127,4,4,4,0,0,0.0833333333333333,0.997508831855186
"3",773,8,8,8,0,0,0.0833333333333333,1
"4",378243,0,0,0,0,0,0.2,0.00113953653791055
"5",385802,0,0,0,0,0,0.2,0.00113953653791055
