"","in_degree","out_degree","degree","betweenness","clustcoeff","closeness","eigencentrality","pagerank"
"1",0,0,0,0,0,0.125,0.000610742750504239,0.0947606127954127
"2",8,8,8,0,0.0714285714285714,0.0426829268292683,0.997543234389675,0.155072233239446
"3",16,16,16,0.5,0.0333333333333333,0.0707070707070707,1,0.155406541169728
"4",0,0,0,0,0,0.125,0.000610742750504239,0.0947606127954127
"5",0,0,0,0,0,0.125,0.000610742750504239,0.0947606127954127
"6",0,0,0,0,0,0.125,0.000610742750504239,0.0947606127954127
"7",8,8,8,0,0.0714285714285714,0.0426829268292683,0.997543234504785,0.155072233239446
"8",16,16,16,0.5,0.0333333333333333,0.0707070707070707,0.999999999858758,0.155406541169728
