"","labels","in_degree","out_degree","degree","betweenness","clustcoeff","closeness","eigencentrality"
"1",204,20,20,20,0,0.136842105263158,0.0752688172043011,0.939830483377023
"2",212,14,14,14,0,0.21978021978022,0.145833333333333,0.0128630671929208
"3",205,48,48,48,0,0.0230496453900709,0.162790697674419,1
"4",209,16,16,16,0,0.166666666666667,0.145833333333333,0.0344116041132079
"5",208,16,16,16,0,0.216666666666667,0.0693069306930693,0.0577987050059679
"6",378243,0,0,0,0,0,0.125,0.0280413811498525
"7",3338,10,10,10,5,0.266666666666667,0.170731707317073,0.0233198618349499
"8",203,52,52,52,13.8,0.0196078431372549,0.184210526315789,0.699143331714015
