"","labels","in_degree","out_degree","degree","betweenness","clustcoeff","closeness","eigencentrality"
"1",2365,4,4,4,0,0,0.333333333333333,1
"2",378243,0,0,0,0,0,0.333333333333333,0.121320343559643
"3",385947,0,0,0,0,0,0.333333333333333,0.121320343559643
