"","labels","in_degree","out_degree","degree","betweenness","clustcoeff","closeness","eigencentrality"
"1",1082,6,6,6,2,0.266666666666667,0.00174825174825175,0.989555024979757
"2",2694,4,4,4,0,0.333333333333333,0.000648298217179903,0.341663762509357
"3",1079,6,6,6,0,0.266666666666667,0.00171526586620926,1
"4",2262,4,4,4,2,0.333333333333333,0.00174825174825175,0.0131383850272743
"5",378243,0,0,0,0,0,0.2,0.000796070396096864
