"","labels","in_degree","out_degree","degree","betweenness","clustcoeff","closeness","eigencentrality"
"1",1320,2,2,2,0,0,0.0116731517509728,0.00971674786369629
"2",547,10,10,10,1,0,0.0142857142857143,1
"3",3089,4,4,4,0,0,0.00813008130081301,0.468426603774974
"4",384477,0,0,0,0,0,0.25,0.195012684252909
