"","labels","in_degree","out_degree","degree","betweenness","clustcoeff","closeness","eigencentrality"
"1",447103,0,0,0,0,0,0.142857142857143,0.00777451757915363
"2",1595,10,10,10,2,0.0888888888888889,0.00708382526564345,0.861618276478969
"3",864,22,22,22,1,0.00865800865800866,0.00707547169811321,1
"4",1624,8,8,8,0,0.142857142857143,0.00623052959501558,0.334743448363959
"5",1622,6,6,6,3,0.133333333333333,0.0069848661233993,0.0409405392423973
"6",378243,0,0,0,0,0,0.142857142857143,0.00777451757915363
"7",1625,2,2,2,0,0,0.00226159065209197,0.00973746268080064
