"","labels","in_degree","out_degree","degree","betweenness","clustcoeff","closeness","eigencentrality"
"1",447103,0,0,0,0,0,0.142857142857143,0.00571871749571674
"2",1595,14,14,14,0,0.131868131868132,0.0285714285714286,1
"3",864,40,40,40,3,0.0153846153846154,0.032967032967033,0.765689701174463
"4",1624,14,14,14,0,0.131868131868132,0.0285714285714286,0.773199645132053
"5",1622,12,12,12,0,0.181818181818182,0.00986842105263158,0.551967423155725
"6",378243,0,0,0,0,0,0.142857142857143,0.00571871749571674
"7",1625,24,24,24,5,0.0434782608695652,0.0333333333333333,0.165096796421699
