"no_of_bug_owned","avg_resolution","scmChanges","scrChanges","mslChanges","number_of_domain","country","linesadded","linesremoved","ReviewGotMerged","X","in_degree","out_degree","degree","betweenness","clustcoeff","closeness","eigencentrality","upeople_id"
0,0,633,0,44,2,8,118863,8189,0,7,4,4,4,0,0.333333333333333,0.036144578313253,1,116
2,27,314,0,33,3,6,124662,70180,0,6,4,4,4,0,0.333333333333333,0.0441176470588235,0.986451836236188,119
5,0,0,0,3,4,10,0,0,0,1,0,0,0,0,0,0.142857142857143,0.4485221838891,527
2,20.5,53,0,126,2,7,7373,2349,0,5,4,4,4,1,0.333333333333333,0.0545454545454545,0.335506861190732,979
1,0,0,0,169,4,6,0,0,0,3,0,0,0,0,0,0.142857142857143,0.4485221838891,1401
38,16.8947,1,0,6,1,6,35,36,0,2,0,0,0,0,0,0.142857142857143,0.4485221838891,1533
35,5.2857,0,0,0,13,0,0,0,0,4,0,0,0,0,0,0.142857142857143,0.4485221838891,378243
