"no_of_bug_owned","avg_resolution","scmChanges","scrChanges","mslChanges","number_of_domain","country","linesadded","linesremoved","ReviewGotMerged","X","in_degree","out_degree","degree","betweenness","clustcoeff","closeness","eigencentrality","upeople_id"
27,33.7037,107,0,8,4,7,30928,22288,0,1,2,2,2,0,0,0.0145772594752187,0.999998898689606,4
24,0.2917,90,0,5,3,9,71938,22560,0,2,2,2,2,0,0,0.0145772594752187,1,7
2,0,5,0,0,2,10,115,61,0,5,0,0,0,0,0,0.166666666666667,0.499997903603377,8
0,0,0,0,0,7,9,0,0,0,6,0,0,0,0,0,0.166666666666667,0.499997903603377,259
2,0,19,0,0,1,8,2929,1620,0,4,0,0,0,0,0,0.166666666666667,0.499997903603377,2139
70,4.0571,0,0,0,13,0,0,0,0,3,0,0,0,0,0,0.166666666666667,0.499997903603377,378243
