"","labels","in_degree","out_degree","degree","betweenness","clustcoeff","closeness","eigencentrality"
"1",379016,0,0,0,0,0,0.25,0.49999951775789
"2",501,2,2,2,0,0,0.1875,1
"3",378243,0,0,0,0,0,0.25,0.49999951775789
"4",119,2,2,2,0,0,0.1875,0.99999873002153
