"","labels","in_degree","out_degree","degree","betweenness","clustcoeff","closeness","eigencentrality"
"1",37,2,2,2,0,0,0.285714285714286,0.999999300448608
"2",65,2,2,2,0,0,0.285714285714286,1
"3",433891,0,0,0,0,0,0.333333333333333,0.500000686049192
