"","in_degree","out_degree","degree","betweenness","clustcoeff","closeness","eigencentrality","pagerank"
"1",6,6,6,3,0,0.151515151515152,1,0.309998296712655
"2",0,0,0,0,0,0.166666666666667,0.13402526355015,0.111650485436893
"3",2,2,2,0,0,0.121951219512195,0.268050413252271,0.136745585646965
"4",0,0,0,0,0,0.166666666666667,0.13402526355015,0.111650485436893
"5",2,2,2,0,0,0.0819672131147541,0.947182695879416,0.199483336172146
"6",2,2,2,0,0,0.128205128205128,0.200137120559133,0.130471810594447
