"","in_degree","out_degree","degree","betweenness","clustcoeff","closeness","eigencentrality","pagerank"
"1",4,4,4,0,0.333333333333333,0.0895522388059701,0.980135802762967,0.198263757448227
"2",0,0,0,0,0,0.142857142857143,0.448576066640038,0.108490566037736
"3",4,4,4,1,0.333333333333333,0.0923076923076923,0.289711593392149,0.125463801823243
"4",4,4,4,0,0.333333333333333,0.06,1,0.242310176577587
"5",0,0,0,0,0,0.142857142857143,0.448576066640038,0.108490566037736
"6",0,0,0,0,0,0.142857142857143,0.448576066640038,0.108490566037736
"7",0,0,0,0,0,0.142857142857143,0.448576066640038,0.108490566037736
