"","labels","in_degree","out_degree","degree","betweenness","clustcoeff","closeness","eigencentrality"
"1",411,4,4,4,1,0.333333333333333,0.142857142857143,0.0118501067760414
"2",1127,4,4,4,0,0.333333333333333,0.137931034482759,0.999937342291593
"3",773,4,4,4,0,0.333333333333333,0.0888888888888889,1
"4",378243,0,0,0,0,0,0.2,5.49628362118726e-05
"5",385802,0,0,0,0,0,0.2,5.49628362118726e-05
