"","labels","in_degree","out_degree","degree","betweenness","clustcoeff","closeness","eigencentrality"
"1",797,2,2,2,0,0,0.19047619047619,1
"2",876,2,2,2,0,0,0.19047619047619,0.999992588222237
"3",378243,0,0,0,0,0,0.2,0.499999379744628
"4",918,0,0,0,0,0,0.2,0.499999379744628
"5",456055,0,0,0,0,0,0.2,0.499999379744628
