"","in_degree","out_degree","degree","betweenness","clustcoeff","closeness","eigencentrality","pagerank"
"1",6,6,6,3,0,0.171428571428571,1,0.278863096606144
"2",0,0,0,0,0,0.142857142857143,0.242168861421527,0.100436681222707
"3",0,0,0,0,0,0.142857142857143,0.242168861421527,0.100436681222707
"4",0,0,0,0,0,0.142857142857143,0.242168861421527,0.100436681222707
"5",2,2,2,0,0,0.13953488372093,0.484337847412173,0.134298628667739
"6",2,2,2,0,0,0.13953488372093,0.484337333037835,0.134298628667739
"7",2,2,2,0,0,0.127659574468085,0.721297861386836,0.151229602390255
