"","in_degree","out_degree","degree","betweenness","clustcoeff","closeness","eigencentrality","pagerank"
"1",4,4,4,0,0.333333333333333,0.25,0.999999982122899,0.255914167619383
"2",0,0,0,0,0,0.2,0.366134579720485,0.13855421686747
"3",0,0,0,0,0,0.2,0.366134579720485,0.13855421686747
"4",4,4,4,0.666666666666667,0.333333333333333,0.285714285714286,0.728510240053628,0.211063231026295
"5",4,4,4,0,0.333333333333333,0.25,1,0.255914167619383
