"","labels","in_degree","out_degree","degree","betweenness","clustcoeff","closeness","eigencentrality"
"1",526,2,2,2,0,0,0.028735632183908,1
"2",378243,0,0,0,0,0,0.166666666666667,0.499998588031229
"3",2685,0,0,0,0,0,0.166666666666667,0.499998588031229
"4",2687,2,2,2,0,0,0.028735632183908,0.999994693691689
"5",2690,0,0,0,0,0,0.166666666666667,0.499998588031229
"6",447881,0,0,0,0,0,0.166666666666667,0.499998588031229
