"","labels","in_degree","out_degree","degree","betweenness","clustcoeff","closeness","eigencentrality"
"1",1098,2,2,2,0,0,0.0571428571428571,0.112594500413627
"2",335,0,0,0,0,0,0.142857142857143,0.00611861992661733
"3",1108,0,0,0,0,0,0.142857142857143,0.00611861992661733
"4",1105,2,2,2,0,0,0.0588235294117647,0.0843237557046538
"5",1102,2,2,2,0,0,0.0447761194029851,0.0556026709480969
"6",1110,4,4,4,3,0,0.046875,0.991636032866791
"7",1097,6,6,6,5,0,0.0645161290322581,1
