"","labels","in_degree","out_degree","degree","betweenness","clustcoeff","closeness","eigencentrality"
"1",15,0,0,0,0,0,0.111111111111111,0.499999737880038
"2",10,0,0,0,0,0,0.111111111111111,0.499999737880038
"3",14,0,0,0,0,0,0.111111111111111,0.499999737880038
"4",17,0,0,0,0,0,0.111111111111111,0.499999737880038
"5",13,2,2,2,0,0,0.0672268907563025,1
"6",378243,0,0,0,0,0,0.111111111111111,0.499999737880038
"7",16,2,2,2,0,0,0.0672268907563025,0.999999549705005
"8",11,0,0,0,0,0,0.111111111111111,0.499999737880038
"9",18,0,0,0,0,0,0.111111111111111,0.499999737880038
