"","labels","in_degree","out_degree","degree","betweenness","clustcoeff","closeness","eigencentrality"
"1",550,4,4,4,0,0.333333333333333,0.192307692307692,1
"2",552,4,4,4,0,0.333333333333333,0.2,0.997641668171705
"3",554,4,4,4,1,0.333333333333333,0.217391304347826,0.190159376021483
"4",547,0,0,0,0,0,0.166666666666667,0.473885223365909
"5",378243,0,0,0,0,0,0.166666666666667,0.473885223365909
"6",382325,0,0,0,0,0,0.166666666666667,0.473885223365909
