"","in_degree","out_degree","degree","betweenness","clustcoeff","closeness","eigencentrality","pagerank"
"1",4,4,4,0,0.333333333333333,0.145833333333333,1,0.205472427036206
"2",4,4,4,0,0.333333333333333,0.148936170212766,0.996328471049665,0.197653505292339
"3",4,4,4,1,0.333333333333333,0.155555555555556,0.223820153220734,0.107512365543796
"4",0,0,0,0,0,0.125,0.462076947243123,0.0978723404255319
"5",0,0,0,0,0,0.125,0.462076947243123,0.0978723404255319
"6",0,0,0,0,0,0.125,0.462076947243123,0.0978723404255319
"7",0,0,0,0,0,0.125,0.462076947243123,0.0978723404255319
"8",0,0,0,0,0,0.125,0.462076947243123,0.0978723404255319
