"","in_degree","out_degree","degree","betweenness","clustcoeff","closeness","eigencentrality","pagerank"
"1",0,0,0,0,0,0.142857142857143,0.22459283691192,0.108490566037736
"2",4,4,4,1,0,0.0444444444444444,1,0.24495200264813
"3",0,0,0,0,0,0.142857142857143,0.22459283691192,0.108490566037736
"4",0,0,0,0,0,0.142857142857143,0.22459283691192,0.108490566037736
"5",2,2,2,0,0,0.0350877192982456,0.449185203133594,0.143516413145366
"6",0,0,0,0,0,0.142857142857143,0.22459283691192,0.108490566037736
"7",2,2,2,0,0,0.029126213592233,0.909747723516491,0.177569320055561
