"","labels","in_degree","out_degree","degree","betweenness","clustcoeff","closeness","eigencentrality"
"1",527,2,2,2,0,0,0.0740740740740741,1
"2",1549,0,0,0,0,0,0.111111111111111,0.499998419527291
"3",2340,2,2,2,0,0,0.0740740740740741,0.999991916066376
"4",379007,0,0,0,0,0,0.111111111111111,0.499998419527291
"5",379016,0,0,0,0,0,0.111111111111111,0.499998419527291
"6",385179,0,0,0,0,0,0.111111111111111,0.499998419527291
"7",378243,0,0,0,0,0,0.111111111111111,0.499998419527291
"8",385203,0,0,0,0,0,0.111111111111111,0.499998419527291
"9",388687,0,0,0,0,0,0.111111111111111,0.499998419527291
