"","in_degree","out_degree","degree","betweenness","clustcoeff","closeness","eigencentrality","pagerank"
"1",0,0,0,0,0,0.142857142857143,0.499999913740626,0.117948717948718
"2",0,0,0,0,0,0.142857142857143,0.499999913740626,0.117948717948718
"3",2,2,2,0,0,0.162162162162162,1,0.205128205128205
"4",2,2,2,0,0,0.162162162162162,0.999999832337635,0.205128205128205
"5",0,0,0,0,0,0.142857142857143,0.499999913740626,0.117948717948718
"6",0,0,0,0,0,0.142857142857143,0.499999913740626,0.117948717948718
"7",0,0,0,0,0,0.142857142857143,0.499999913740626,0.117948717948718
