"","in_degree","out_degree","degree","betweenness","clustcoeff","closeness","eigencentrality","pagerank"
"1",6,6,6,0,0.266666666666667,0.020253164556962,0.765877452367545,0.138428458996485
"2",6,6,6,0,0.266666666666667,0.00427578834847675,0.693774336339658,0.129302220990812
"3",12,12,12,12,0.121212121212121,0.0215633423180593,1,0.239156155258045
"4",2,2,2,0,0,0.017353579175705,0.0129086263522304,0.0715579441539004
"5",0,0,0,0,0,0.111111111111111,0.0770805391157411,0.0705521472392638
"6",2,2,2,0,0,0.020997375328084,0.00102461961710309,0.0706639024520012
"7",6,6,6,0,0.266666666666667,0.020253164556962,0.765877431182805,0.138428458996485
"8",0,0,0,0,0,0.111111111111111,0.0770805391157411,0.0705521472392638
"9",6,6,6,9,0.266666666666667,0.0210526315789474,0.00871655593915952,0.0713585646737455
