"","in_degree","out_degree","degree","betweenness","clustcoeff","closeness","eigencentrality","pagerank"
"1",6,6,6,1,0.133333333333333,0.111111111111111,0.701342039957017,0.145580525605292
"2",6,6,6,3,0.266666666666667,0.10126582278481,0.396452335674286,0.111250178244868
"3",6,6,6,0,0.266666666666667,0.0645161290322581,1,0.201503273255928
"4",0,0,0,0,0,0.111111111111111,0.0450255021009637,0.0787671232876712
"5",0,0,0,0,0,0.111111111111111,0.0450255021009637,0.0787671232876712
"6",4,4,4,1,0,0.10958904109589,0.0167678818754309,0.0810170041379348
"7",6,6,6,1,0.133333333333333,0.111111111111111,0.701342013245839,0.145580525605292
"8",0,0,0,0,0,0.111111111111111,0.0450255021009637,0.0787671232876712
"9",0,0,0,0,0,0.111111111111111,0.0450255021009637,0.0787671232876712
