"","in_degree","out_degree","degree","betweenness","clustcoeff","closeness","eigencentrality","pagerank"
"1",2,2,2,0,0,0.0987654320987654,0.696140379975196,0.131918944648443
"2",0,0,0,0,0,0.111111111111111,0.348069149002794,0.0891472868217054
"3",4,4,4,1,0,0.111111111111111,1,0.201278389772882
"4",0,0,0,0,0,0.111111111111111,0.348069149002794,0.0891472868217054
"5",0,0,0,0,0,0.111111111111111,0.348069149002794,0.0891472868217054
"6",0,0,0,0,0,0.111111111111111,0.348069149002794,0.0891472868217054
"7",2,2,2,0,0,0.0987654320987654,0.696138337716076,0.131918944648443
"8",0,0,0,0,0,0.111111111111111,0.348069149002794,0.0891472868217054
"9",0,0,0,0,0,0.111111111111111,0.348069149002794,0.0891472868217054
