"","labels","in_degree","out_degree","degree","betweenness","clustcoeff","closeness","eigencentrality"
"1",1307,2,2,2,0,0,0.136363636363636,0.999999770133965
"2",198,0,0,0,0,0,0.142857142857143,0.500000865379392
"3",438,2,2,2,0,0,0.136363636363636,1
"4",2245,0,0,0,0,0,0.142857142857143,0.500000865379392
"5",378243,0,0,0,0,0,0.142857142857143,0.500000865379392
"6",2042,0,0,0,0,0,0.142857142857143,0.500000865379392
"7",670,0,0,0,0,0,0.142857142857143,0.500000865379392
