"","labels","in_degree","out_degree","degree","betweenness","clustcoeff","closeness","eigencentrality"
"1",204,8,8,8,6,0,0.0432098765432099,1
"2",212,0,0,0,0,0,0.125,0.0122887220382536
"3",205,2,2,2,0,0,0.0343137254901961,0.118096407281205
"4",209,2,2,2,0,0,0.0402298850574713,0.0330791997884905
"5",208,0,0,0,0,0,0.125,0.0122887220382536
"6",378243,0,0,0,0,0,0.125,0.0122887220382536
"7",3338,2,2,2,0,0,0.01364522417154,0.993774119635519
"8",203,2,2,2,0,0,0.0409356725146199,0.0245774453374672
