"","labels","in_degree","out_degree","degree","betweenness","clustcoeff","closeness","eigencentrality"
"1",300,0,0,0,0,0,0.166666666666667,0.50000046734013
"2",273,0,0,0,0,0,0.166666666666667,0.50000046734013
"3",301,2,2,2,0,0,0.00573394495412844,0.999999931002286
"4",303,0,0,0,0,0,0.166666666666667,0.50000046734013
"5",378243,0,0,0,0,0,0.166666666666667,0.50000046734013
"6",306,2,2,2,0,0,0.00573394495412844,1
