"","labels","in_degree","out_degree","degree","betweenness","clustcoeff","closeness","eigencentrality"
"1",447103,0,0,0,0,0,0.142857142857143,0.0573808367989165
"2",1595,8,8,8,0,0.285714285714286,0.0571428571428571,1
"3",864,6,6,6,0,0.266666666666667,0.0952380952380952,0.399304168259669
"4",1624,6,6,6,2,0.266666666666667,0.101694915254237,0.706196046165296
"5",1622,6,6,6,3,0.266666666666667,0.105263157894737,0.624999399772918
"6",378243,0,0,0,0,0,0.142857142857143,0.0573808367989165
"7",1625,6,6,6,2,0.266666666666667,0.0882352941176471,0.345044614883461
