"","labels","in_degree","out_degree","degree","betweenness","clustcoeff","closeness","eigencentrality"
"1",300,2,2,4,0,0.166666666666667,0.171428571428571,0.924472700370411
"2",2235,3,3,6,0,0.0666666666666667,0.181818181818182,1
"3",378982,0,0,0,0,NA,0.142857142857143,0
"4",582,2,2,4,2,0.166666666666667,0.1875,0.470648612184534
"5",387312,0,0,0,0,NA,0.142857142857143,0
"6",387318,0,0,0,0,NA,0.142857142857143,0
"7",498,0,0,0,0,NA,0.142857142857143,0
