"","in_degree","out_degree","degree","betweenness","clustcoeff","closeness","eigencentrality","pagerank"
"1",3,3,6,6,0,0.24,1,0.431217734588521
"2",1,1,2,0,0,0.222222222222222,0.408248290463863,0.1253416337686
"3",0,0,0,0,0,0.142857142857143,2.74766180269661e-16,0.0337078651685393
"4",1,1,2,0,0,0.222222222222222,0.408248290463863,0.1253416337686
"5",0,0,0,0,0,0.142857142857143,2.74766180269661e-16,0.0337078651685393
"6",1,1,2,0,0,0.206896551724138,0.816496580927726,0.216975402368661
"7",0,0,0,0,0,0.142857142857143,2.74766180269661e-16,0.0337078651685393
