"","in_degree","out_degree","degree","betweenness","clustcoeff","closeness","eigencentrality","pagerank"
"1",4,4,8,6,0,0.205882352941176,0.89752746785575,0.231660231660232
"2",2,2,4,0,0,0.166666666666667,0.5,0.108200036771465
"3",4,4,8,6,0,0.205882352941176,0.89752746785575,0.231660231660232
"4",2,2,4,0,0,0.166666666666667,0.5,0.108200036771465
"5",0,0,0,0,0,0.125,0,0.0238095238095238
"6",2,2,4,2,0,0.184210526315789,0.333333333333333,0.0800698657841515
"7",0,0,0,0,0,0.125,0,0.0238095238095238
"8",2,2,4,0,0,0.12962962962963,1,0.192590549733407
