"","labels","in_degree","out_degree","degree","betweenness","clustcoeff","closeness","eigencentrality"
"1",1098,1,1,2,0,0,0.2,0.5
"2",335,0,0,0,0,NA,0.142857142857143,4.67105253123598e-17
"3",1108,2,1,3,0,0.333333333333333,0.214285714285714,1
"4",1105,0,0,0,0,NA,0.142857142857143,4.67105253123598e-17
"5",1102,0,0,0,0,NA,0.142857142857143,4.67105253123598e-17
"6",1110,2,2,4,4,0.166666666666667,0.230769230769231,0.640388203202208
"7",1097,2,3,5,4,0.1,0.230769230769231,0.640388203202208
