"","labels","in_degree","out_degree","degree","betweenness","clustcoeff","closeness","eigencentrality"
"1",524,1,1,2,0,0,0.127272727272727,0.867295401695068
"2",381522,0,0,0,0,NA,0.125,0
"3",525,0,0,0,0,NA,0.125,0
"4",382969,0,0,0,0,NA,0.125,0
"5",378243,0,0,0,0,NA,0.125,0
"6",388797,2,2,4,0,0,0.127272727272727,1
"7",448166,0,0,0,0,NA,0.125,0
"8",435063,0,0,0,0,NA,0.125,0
