"","labels","in_degree","out_degree","degree","betweenness","clustcoeff","closeness","eigencentrality"
"1",2003,1,1,2,0,0,0.125,0
"2",378950,0,0,0,0,NA,0.111111111111111,1
"3",380680,0,0,0,0,NA,0.111111111111111,1
"4",381759,0,0,0,0,NA,0.111111111111111,1
"5",1351,0,0,0,0,NA,0.111111111111111,1
"6",381807,0,0,0,0,NA,0.111111111111111,1
"7",1385,1,1,2,0,0,0.125,0
"8",384355,0,0,0,0,NA,0.111111111111111,1
"9",378243,0,0,0,0,NA,0.111111111111111,1
