"","labels","in_degree","out_degree","degree","betweenness","clustcoeff","closeness","eigencentrality"
"1",527,0,0,0,0,NA,0.111111111111111,1
"2",1549,0,0,0,0,NA,0.111111111111111,1
"3",2340,0,0,0,0,NA,0.111111111111111,1
"4",379007,1,1,2,0,0,0.125,0
"5",379016,1,1,2,0,0,0.125,0
"6",385179,0,0,0,0,NA,0.111111111111111,1
"7",378243,0,0,0,0,NA,0.111111111111111,1
"8",385203,0,0,0,0,NA,0.111111111111111,1
"9",388687,0,0,0,0,NA,0.111111111111111,1
