"","labels","in_degree","out_degree","degree","betweenness","clustcoeff","closeness","eigencentrality"
"1",527,1,1,2,0,0,0.214285714285714,1
"2",378243,0,0,0,0,NA,0.25,3.92523114670944e-17
"3",683,0,0,0,0,NA,0.25,3.92523114670944e-17
"4",679,1,1,2,0,0,0.214285714285714,1
