"","labels","in_degree","out_degree","degree","betweenness","clustcoeff","closeness","eigencentrality"
"1",204,3,3,6,4,0.133333333333333,0.194444444444444,0.733926885427581
"2",212,2,2,4,0,0.166666666666667,0.184210526315789,0.578417963563788
"3",205,3,3,6,0,0.133333333333333,0.184210526315789,1
"4",209,0,0,0,0,NA,0.125,0
"5",208,0,0,0,0,NA,0.125,0
"6",378243,0,0,0,0,NA,0.125,0
"7",3338,0,0,0,0,NA,0.125,0
"8",203,2,2,4,0,0.166666666666667,0.175,0.945265542181703
