"","labels","in_degree","out_degree","degree","betweenness","clustcoeff","closeness","eigencentrality"
"1",1082,3,3,6,0,0.133333333333333,0.307692307692308,1
"2",2694,3,3,6,4,0.133333333333333,0.363636363636364,0.563233367394741
"3",1079,2,2,4,0,0.166666666666667,0.235294117647059,0.881415051258836
"4",2262,2,2,4,4,0.166666666666667,0.363636363636364,0.049760647950935
"5",378243,0,0,0,0,NA,0.2,4.32847126127614e-18
