"","labels","in_degree","out_degree","degree","betweenness","clustcoeff","closeness","eigencentrality"
"1",286,0,0,0,0,NA,0.1,0
"2",384487,4,4,8,4,0,0.0927835051546392,1
"3",386309,0,0,0,0,NA,0.1,0
"4",378243,0,0,0,0,NA,0.1,0
"5",386310,4,4,8,0,0,0.0909090909090909,0.898785749766278
"6",386311,2,2,4,4,0,0.0927835051546392,0.503965865631726
"7",386312,0,0,0,0,NA,0.1,0
"8",386315,0,0,0,0,NA,0.1,0
"9",386319,0,0,0,0,NA,0.1,0
"10",397128,1,1,2,0,0,0.0825688073394495,0.0977691173646675
